,student_id,surname_name,first_name,Total_Enrolled,Total_Achieved,study_package
1,223083,Adhikari,Devi,50,250,H3D
2,399121,Allison,Corrine,50,250,H3D
3,191245,Bailey,Jasmin,12.5,300,H3D
4,395581,Barker,Lisa,50,250,H3D
7,387065,Bonner,Tegan,50,250,H3D
10,156473,Cloak,Naomi,50,250,H3D
11,387930,Cragg,Singrid,50,250,H3D
12,403741,Davey,Nicole,50,250,H3D
13,218870,de Groot,Tegan,50,250,H3D
15,404865,Ebdon,Timothy,50,250,H3D
17,388313,Elphinstone,Shai,50,250,H3D
18,204529,Frankcombe,Madeline,37.5,262.5,H3D
19,387897,Freeman,Emma,50,250,H3D
20,213504,Gillespie,Kirby,37.5,262.5,H3D
21,388442,Hawes,Victoria,50,250,H3D
22,57075,Hesselman,Michael,25,275,H3D
26,199501,Jarman,Amanda,37.5,275,H3D
27,178590,Jensen,Karen,37.5,262.5,H3D
28,394711,Ko,Weonhee,37.5,262.5,H3D
29,150640,Kobua,Mary,37.5,262.5,H3D
30,202775,Kregor,Lauren,37.5,262.5,H3D
32,154530,Lawson,Emma-Lee,37.5,262.5,H3D
34,205354,MacAulay,Morgan,12.5,250,H3D
35,223567,Martin,Sharon,50,250,H3D
39,201667,Mundy,Rachel,37.5,262.5,H3D
42,117464,Nicol,Claire,50,250,H3D
45,388527,Patel,Hiteshkumar,37.5,262.5,H3D
47,401998,Pennicott,Emma,50,250,H3D
48,139091,Perkins,Tamica,50,250,H3D
49,82329,Pintarich,Lauren,50,250,H3D
51,389934,Raimona,Jacinta,50,250,H3D
54,137959,Rees,Caitlin,37.5,262.5,H3D
61,125246,Stacey,Tyler,50,250,H3D
62,124993,Stover,Cathrine,37.5,262.5,H3D
63,190137,Thapa,Yam,37.5,262.5,H3D
66,389089,Turmine,Katelyn,50,250,H3D
67,395450,Vekariya,Manali,37.5,262.5,H3D
68,387863,Webb,Zara,50,250,H3D
70,388779,Wells,Lewis,50,250,H3D
71,221114,Wyatt,Jayde,50,250,H3D
43,387786,Nuttall,Peter,12.5,287.5,H3E
52,96136,Rayner,Kellie,25,262.5,H3E
55,35407,Robinson,Stephanie,12.5,300,H3E
8,390223,Byard,Elizabeth,25,275,H3H
14,23303,Eaves,Kristy,37.5,262.5,H3H
23,201740,Hines,Elsa,75,250,H3H
36,205983,Martin,Emily,25,275,H3H
38,388802,McGarry,James,25,275,H3H
41,385940,Newman,Cyrus,25,275,H3H
50,204061,Purdue,Penelope,25,275,H3H
60,206484,Smith,Laura,37.5,262.5,H3H
65,196571,Thomas,Sharee,37.5,262.5,H3H
5,204483,Belacho,Carolina,25,287.5,H3R
9,202096,Chitrakar,Rima,12.5,287.5,H3R
16,388108,Elbasha,Abbey,37.5,250,H3R
24,209814,Hyman,Anneka,25,275,H3R
25,202671,Jalali,Siavash,37.5,262.5,H3R
33,388053,Leslie,Courtney-Maree,37.5,262.5,H3R
37,201972,Matias,Roselle,12.5,287.5,H3R
40,203008,Nardi,Susan,37.5,262.5,H3R
44,385891,Palisoc,Venus,12.5,287.5,H3R
53,183418,Rees,Cassandra,37.5,262.5,H3R
56,190438,Rozario,Shoney,37.5,275,H3R
59,160165,Singh,Archana,12.5,287.5,H3R
64,388350,Thapa,Bhesh Bahadur,12.5,287.5,H3R
72,162935,Zamanisaveh,Matin,25,275,H3R
6,389066,Bhatta,Prabhuji,25,275,H3V
31,208743,Lamsal,Shreeram,62.5,262.5,H3V
46,388622,Patel,Udita,50,250,H3V
57,202903,Sapkota Kandel,Deepa,0,262.5,H3V
58,207473,Sherpa,Angnima,25,275,H3V
69,388457,Weberbauer,Kristin,50,250,H3V
